,name,AP(rel=2),RR(rel=2),nDCG@10,nDCG@100,AP(rel=2) +,AP(rel=2) -,AP(rel=2) p-value,RR(rel=2) +,RR(rel=2) -,RR(rel=2) p-value,nDCG@10 +,nDCG@10 -,nDCG@10 p-value,nDCG@100 +,nDCG@100 -,nDCG@100 p-value
0,Standard MonoT5,0.33397438871375684,0.7307991560698056,0.5588159776463951,0.5119923629240809,,,,,,,,,,,,
1,Hard Negative MonoT5,0.09284286026635792,0.1712587591903139,0.11690250829582717,0.1506257827727519,1.0,41.0,3.579479452764897e-10,1.0,37.0,4.386177330813764e-12,1.0,41.0,2.378925916993159e-15,2.0,41.0,4.2769827938241245e-15
2,Experiment 3 0.25 Negatives MonoT5,0.43913988922070674,0.851937984496124,0.6574019932248975,0.6046526507724779,35.0,7.0,2.170256019501281e-06,13.0,4.0,0.0334205183514759,33.0,8.0,0.0006271142648227985,37.0,6.0,2.092616104508989e-07
3,Experiment 2 Equal Negatives MonoT5,0.3668298826611707,0.7526881720430106,0.5570243012872061,0.5297751060218047,25.0,17.0,0.11797891065878797,11.0,8.0,0.714510948229866,19.0,23.0,0.9547495661134766,23.0,20.0,0.33833372641233084
4,Experiment 3 0.75 Negatives MonoT5,0.30483394714007456,0.7208475760765343,0.49408057354865315,0.47515948337562547,17.0,24.0,0.11791138742234554,10.0,9.0,0.8666283529032149,15.0,27.0,0.03277928285660934,16.0,27.0,0.05322000211034409
