,name,AP(rel=2),RR(rel=2),nDCG@10,nDCG@100,AP(rel=2) +,AP(rel=2) -,AP(rel=2) p-value,RR(rel=2) +,RR(rel=2) -,RR(rel=2) p-value,nDCG@10 +,nDCG@10 -,nDCG@10 p-value,nDCG@100 +,nDCG@100 -,nDCG@100 p-value
0,25%,0.43913988922070674,0.851937984496124,0.6574019932248975,0.6046526507724779,,,,,,,,,,,,
1,25% 1.2m,0.37483713866946594,0.8037623691637195,0.5992746251733518,0.5564851268984028,9.0,32.0,0.0006250514570882662,5.0,9.0,0.33285743020014436,13.0,27.0,0.014412253408476615,13.0,29.0,0.003267143001005643
2,50% 1.2m,0.37594406114307355,0.7670769153327293,0.584233616249768,0.5476122593321289,8.0,33.0,0.00045782445929557836,4.0,11.0,0.059864797541741885,14.0,28.0,0.006009123810193271,13.0,29.0,0.0003037285377760662
3,75% 1.2m,0.2576411536061295,0.6805518343871683,0.4385329381169241,0.41060833949683345,2.0,39.0,4.586404357731399e-09,4.0,15.0,0.003242258341574231,3.0,40.0,7.189811472718842e-09,2.0,41.0,2.8381633745907667e-11
4,100% 1.2m,0.07169424487295886,0.1519936881289733,0.084661417876677,0.10933589086750783,0.0,41.0,1.868474176342407e-12,0.0,38.0,3.4374414739035033e-15,0.0,43.0,2.879496550592736e-18,0.0,43.0,1.1746888961276543e-17
