,name,nDCG@10,nDCG@100,AP(rel=2),RR(rel=2),nDCG@10 +,nDCG@10 -,nDCG@10 p-value,nDCG@100 +,nDCG@100 -,nDCG@100 p-value,AP(rel=2) +,AP(rel=2) -,AP(rel=2) p-value,RR(rel=2) +,RR(rel=2) -,RR(rel=2) p-value
0,Standard,0.5588159776463951,0.5119923629240809,0.33397438871375684,0.7307991560698056,,,,,,,,,,,,
1,Hard,0.11690250829582717,0.1506257827727519,0.09284286026635792,0.1712587591903139,1.0,41.0,2.378925916993159e-15,2.0,41.0,4.2769827938241245e-15,1.0,41.0,3.579479452764897e-10,1.0,37.0,4.386177330813764e-12
